{
  "hash": "7e7181fb",
  "configHash": "e6291baf",
  "lockfileHash": "c2803617",
  "browserHash": "40e81af0",
  "optimized": {
    "@angular/core": {
      "src": "../../../../../node_modules/@angular/core/fesm2022/core.mjs",
      "file": "@angular_core.js",
      "fileHash": "75b9f257",
      "needsInterop": false
    },
    "@angular/platform-browser": {
      "src": "../../../../../node_modules/@angular/platform-browser/fesm2022/platform-browser.mjs",
      "file": "@angular_platform-browser.js",
      "fileHash": "fdee1bc2",
      "needsInterop": false
    },
    "@angular/platform-browser/animations/async": {
      "src": "../../../../../node_modules/@angular/platform-browser/fesm2022/animations/async.mjs",
      "file": "@angular_platform-browser_animations_async.js",
      "fileHash": "1f2a8a19",
      "needsInterop": false
    },
    "@angular/router": {
      "src": "../../../../../node_modules/@angular/router/fesm2022/router.mjs",
      "file": "@angular_router.js",
      "fileHash": "6cf189cd",
      "needsInterop": false
    },
    "@angular/common/http": {
      "src": "../../../../../node_modules/@angular/common/fesm2022/http.mjs",
      "file": "@angular_common_http.js",
      "fileHash": "d7973eda",
      "needsInterop": false
    },
    "@angular/material/card": {
      "src": "../../../../../node_modules/@angular/material/fesm2022/card.mjs",
      "file": "@angular_material_card.js",
      "fileHash": "46304111",
      "needsInterop": false
    },
    "@angular/material/table": {
      "src": "../../../../../node_modules/@angular/material/fesm2022/table.mjs",
      "file": "@angular_material_table.js",
      "fileHash": "fa5a4139",
      "needsInterop": false
    },
    "rxjs": {
      "src": "../../../../../node_modules/rxjs/dist/esm5/index.js",
      "file": "rxjs.js",
      "fileHash": "8bab18b3",
      "needsInterop": false
    },
    "@angular/common": {
      "src": "../../../../../node_modules/@angular/common/fesm2022/common.mjs",
      "file": "@angular_common.js",
      "fileHash": "87adc48b",
      "needsInterop": false
    },
    "@angular/material/list": {
      "src": "../../../../../node_modules/@angular/material/fesm2022/list.mjs",
      "file": "@angular_material_list.js",
      "fileHash": "30486a2f",
      "needsInterop": false
    },
    "@angular/material/sidenav": {
      "src": "../../../../../node_modules/@angular/material/fesm2022/sidenav.mjs",
      "file": "@angular_material_sidenav.js",
      "fileHash": "f0e3bf22",
      "needsInterop": false
    },
    "@angular/material/icon": {
      "src": "../../../../../node_modules/@angular/material/fesm2022/icon.mjs",
      "file": "@angular_material_icon.js",
      "fileHash": "e68f35fd",
      "needsInterop": false
    },
    "@angular/material/button": {
      "src": "../../../../../node_modules/@angular/material/fesm2022/button.mjs",
      "file": "@angular_material_button.js",
      "fileHash": "ddd18255",
      "needsInterop": false
    },
    "@angular/material/toolbar": {
      "src": "../../../../../node_modules/@angular/material/fesm2022/toolbar.mjs",
      "file": "@angular_material_toolbar.js",
      "fileHash": "7d56f4e7",
      "needsInterop": false
    },
    "@angular/cdk/layout": {
      "src": "../../../../../node_modules/@angular/cdk/fesm2022/layout.mjs",
      "file": "@angular_cdk_layout.js",
      "fileHash": "0f696720",
      "needsInterop": false
    },
    "@angular/material/paginator": {
      "src": "../../../../../node_modules/@angular/material/fesm2022/paginator.mjs",
      "file": "@angular_material_paginator.js",
      "fileHash": "8cddf009",
      "needsInterop": false
    },
    "@angular/material/sort": {
      "src": "../../../../../node_modules/@angular/material/fesm2022/sort.mjs",
      "file": "@angular_material_sort.js",
      "fileHash": "f7633c0a",
      "needsInterop": false
    },
    "@angular/forms": {
      "src": "../../../../../node_modules/@angular/forms/fesm2022/forms.mjs",
      "file": "@angular_forms.js",
      "fileHash": "752d86f7",
      "needsInterop": false
    },
    "@angular/material/form-field": {
      "src": "../../../../../node_modules/@angular/material/fesm2022/form-field.mjs",
      "file": "@angular_material_form-field.js",
      "fileHash": "ebc2c351",
      "needsInterop": false
    },
    "@angular/material/input": {
      "src": "../../../../../node_modules/@angular/material/fesm2022/input.mjs",
      "file": "@angular_material_input.js",
      "fileHash": "a07c6b8b",
      "needsInterop": false
    },
    "@angular/animations": {
      "src": "../../../../../node_modules/@angular/animations/fesm2022/animations.mjs",
      "file": "@angular_animations.js",
      "fileHash": "dffd87aa",
      "needsInterop": false
    },
    "@angular/material/divider": {
      "src": "../../../../../node_modules/@angular/material/fesm2022/divider.mjs",
      "file": "@angular_material_divider.js",
      "fileHash": "ee73e517",
      "needsInterop": false
    },
    "@angular/material/chips": {
      "src": "../../../../../node_modules/@angular/material/fesm2022/chips.mjs",
      "file": "@angular_material_chips.js",
      "fileHash": "b1f59f02",
      "needsInterop": false
    }
  },
  "chunks": {
    "browser-NBZEAG2I": {
      "file": "browser-NBZEAG2I.js"
    },
    "chunk-MT6EUHEM": {
      "file": "chunk-MT6EUHEM.js"
    },
    "chunk-UUS7EMA3": {
      "file": "chunk-UUS7EMA3.js"
    },
    "chunk-OAZBDTLG": {
      "file": "chunk-OAZBDTLG.js"
    },
    "chunk-OPUKFFX7": {
      "file": "chunk-OPUKFFX7.js"
    },
    "chunk-ZNFHTFVN": {
      "file": "chunk-ZNFHTFVN.js"
    },
    "chunk-53S34OL6": {
      "file": "chunk-53S34OL6.js"
    },
    "chunk-QLQREFZ2": {
      "file": "chunk-QLQREFZ2.js"
    },
    "chunk-GIVEF6E7": {
      "file": "chunk-GIVEF6E7.js"
    },
    "chunk-RRBXWTEE": {
      "file": "chunk-RRBXWTEE.js"
    },
    "chunk-GSA4QKZ5": {
      "file": "chunk-GSA4QKZ5.js"
    },
    "chunk-TFHZLHOO": {
      "file": "chunk-TFHZLHOO.js"
    },
    "chunk-DYOHH5ZP": {
      "file": "chunk-DYOHH5ZP.js"
    },
    "chunk-52CZFGXD": {
      "file": "chunk-52CZFGXD.js"
    },
    "chunk-YTR4LZ5T": {
      "file": "chunk-YTR4LZ5T.js"
    }
  }
}